{
  "lsu": ["lsu", "lsu tigers", "louisiana state", "louisiana st"],
  "alabama": ["alabama", "alabama crimson tide", "bama"],
  "ole_miss": ["ole miss", "mississippi", "ole miss rebels", "miss"],
  "arkansas": ["arkansas", "arkansas razorbacks", "ark"],
  "vanderbilt": ["vanderbilt", "vanderbilt commodores", "vandy"],
  "tennessee": ["tennessee", "tennessee volunteers", "vols", "tenn"],
  "florida": ["florida", "florida gators", "uf", "fla"],
  "georgia": ["georgia", "georgia bulldogs", "uga", "ga"],
  "texas_am": ["texas a&m", "texas am", "aggies", "tamu", "texas a&m aggies"],
  "south_carolina": ["south carolina", "south carolina gamecocks", "usc", "gamecocks", "s carolina"],
  "kentucky": ["kentucky", "kentucky wildcats", "uk"],
  "auburn": ["auburn", "auburn tigers", "aub"],
  "mississippi_state": ["mississippi state", "miss state", "mississippi st", "ms state", "msu bulldogs"],
  "missouri": ["missouri", "missouri tigers", "mizzou"],
  "texas": ["texas", "texas longhorns", "ut", "longhorns"],
  "oklahoma": ["oklahoma", "oklahoma sooners", "ou", "sooners"],
  "tcu": ["tcu", "texas christian", "tcu horned frogs", "horned frogs"],
  "texas_tech": ["texas tech", "texas tech red raiders", "ttu", "red raiders"],
  "oregon_state": ["oregon state", "oregon st", "oregon state beavers", "osu beavers"],
  "stanford": ["stanford", "stanford cardinal"],
  "ucla": ["ucla", "bruins", "ucla bruins"],
  "usc": ["usc", "southern california", "trojans", "usc trojans", "southern cal"],
  "arizona": ["arizona", "arizona wildcats", "u of a", "zona"],
  "arizona_state": ["arizona state", "arizona st", "asu", "sun devils"],
  "wake_forest": ["wake forest", "wake", "demon deacons"],
  "clemson": ["clemson", "clemson tigers"],
  "nc_state": ["nc state", "north carolina state", "ncsu", "wolfpack"],
  "duke": ["duke", "duke blue devils", "blue devils"],
  "north_carolina": ["north carolina", "unc", "tar heels", "carolina"],
  "louisville": ["louisville", "louisville cardinals", "cards", "u of l"],
  "virginia": ["virginia", "virginia cavaliers", "uva", "cavaliers"],
  "miami": ["miami", "miami hurricanes", "the u", "miami (fl)", "miami fl"],
  "florida_state": ["florida state", "fsu", "seminoles", "noles"],
  "notre_dame": ["notre dame", "fighting irish", "irish", "nd"],
  "boston_college": ["boston college", "bc", "eagles"],
  "pittsburgh": ["pittsburgh", "pitt", "pitt panthers", "panthers"],
  "georgia_tech": ["georgia tech", "gt", "yellow jackets", "ga tech"],
  "virginia_tech": ["virginia tech", "vt", "hokies"],
  "oregon": ["oregon", "oregon ducks", "ducks"],
  "washington": ["washington", "washington huskies", "huskies", "uw"],
  "cal": ["cal", "california", "golden bears", "california golden bears", "uc berkeley", "berkeley"],
  "colorado": ["colorado", "colorado buffaloes", "buffs", "cu"],
  "utah": ["utah", "utah utes", "utes"],
  "byu": ["byu", "brigham young", "cougars"],
  "baylor": ["baylor", "baylor bears", "bears"],
  "kansas": ["kansas", "kansas jayhawks", "jayhawks", "ku"],
  "kansas_state": ["kansas state", "kansas st", "k-state", "ksu", "wildcats"],
  "west_virginia": ["west virginia", "wvu", "mountaineers"],
  "oklahoma_state": ["oklahoma state", "oklahoma st", "osu", "cowboys", "osu cowboys"],
  "iowa_state": ["iowa state", "iowa st", "cyclones", "isu"],
  "ucf": ["ucf", "central florida", "knights", "ucf knights"],
  "cincinnati": ["cincinnati", "bearcats", "uc", "cincy"],
  "houston": ["houston", "houston cougars", "cougars", "uh"],
  "michigan": ["michigan", "michigan wolverines", "wolverines", "um"],
  "ohio_state": ["ohio state", "ohio st", "buckeyes", "osu buckeyes"],
  "penn_state": ["penn state", "penn st", "psu", "nittany lions"],
  "indiana": ["indiana", "indiana hoosiers", "hoosiers", "iu"],
  "illinois": ["illinois", "illinois fighting illini", "illini"],
  "iowa": ["iowa", "iowa hawkeyes", "hawkeyes"],
  "minnesota": ["minnesota", "minnesota golden gophers", "golden gophers", "gophers"],
  "nebraska": ["nebraska", "nebraska cornhuskers", "cornhuskers", "huskers"],
  "northwestern": ["northwestern", "northwestern wildcats", "nu"],
  "purdue": ["purdue", "purdue boilermakers", "boilermakers"],
  "wisconsin": ["wisconsin", "wisconsin badgers", "badgers"],
  "maryland": ["maryland", "maryland terrapins", "terps", "terrapins"],
  "michigan_state": ["michigan state", "michigan st", "spartans", "msu"],
  "rutgers": ["rutgers", "rutgers scarlet knights", "scarlet knights"],
  "uconn": ["uconn", "connecticut", "huskies"],
  "memphis": ["memphis", "memphis tigers", "tigers"],
  "smu": ["smu", "southern methodist", "mustangs"],
  "tulane": ["tulane", "tulane green wave", "green wave"],
  "tulsa": ["tulsa", "tulsa golden hurricane", "golden hurricane"],
  "east_carolina": ["east carolina", "ecu", "pirates"],
  "wichita_state": ["wichita state", "wichita st", "shockers"],
  "creighton": ["creighton", "creighton bluejays", "bluejays"],
  "xavier": ["xavier", "xavier musketeers", "musketeers"],
  "butler": ["butler", "butler bulldogs"],
  "st_johns": ["st. john's", "st johns", "red storm", "st john's"],
  "seton_hall": ["seton hall", "pirates", "seton hall pirates"],
  "villanova": ["villanova", "villanova wildcats", "nova"],
  "georgetown": ["georgetown", "georgetown hoyas", "hoyas"],
  "providence": ["providence", "providence friars", "friars"],
  "marquette": ["marquette", "marquette golden eagles", "golden eagles"],
  "depaul": ["depaul", "depaul blue demons", "blue demons"],
  "san_diego": ["san diego", "toreros", "usd"],
  "san_diego_state": ["san diego state", "sdsu", "aztecs"],
  "fresno_state": ["fresno state", "fresno st", "bulldogs"],
  "unlv": ["unlv", "rebels", "unlv rebels"],
  "nevada": ["nevada", "wolf pack", "nevada wolf pack"],
  "new_mexico": ["new mexico", "lobos", "unm"],
  "air_force": ["air force", "falcons", "afa"],
  "wyoming": ["wyoming", "cowboys"],
  "boise_state": ["boise state", "boise st", "broncos"],
  "hawaii": ["hawaii", "hawaii rainbow warriors", "rainbow warriors"],
  "gonzaga": ["gonzaga", "gonzaga bulldogs", "zags"],
  "santa_clara": ["santa clara", "santa clara broncos", "broncos"],
  "san_francisco": ["san francisco", "usf", "dons"],
  "loyola_marymount": ["loyola marymount", "lmu", "lions"],
  "pepperdine": ["pepperdine", "pepperdine waves", "waves"],
  "portland": ["portland", "portland pilots", "pilots"],
  "ucsb": ["ucsb", "uc santa barbara", "santa barbara", "gauchos"],
  "cal_poly": ["cal poly", "cal poly mustangs", "mustangs"],
  "long_beach_state": ["long beach state", "long beach st", "lbsu", "beach", "dirtbags"],
  "fullerton": ["fullerton", "cal state fullerton", "csuf", "titans", "cs fullerton"],
  "uc_irvine": ["uc irvine", "uci", "anteaters"],
  "uc_riverside": ["uc riverside", "ucr", "highlanders"],
  "uc_davis": ["uc davis", "davis", "aggies"],
  "sacramento_state": ["sacramento state", "sac state", "hornets"],
  "san_jose_state": ["san jose state", "sjsu", "spartans"],
  "virginia_commonwealth": ["virginia commonwealth", "vcu", "rams"],
  "richmond": ["richmond", "richmond spiders", "spiders"],
  "george_mason": ["george mason", "gmu", "patriots"],
  "dayton": ["dayton", "dayton flyers", "flyers"],
  "saint_louis": ["saint louis", "billikens", "slu"],
  "fordham": ["fordham", "fordham rams", "rams"],
  "george_washington": ["george washington", "gw", "colonials"],
  "la_salle": ["la salle", "explorers"],
  "rhode_island": ["rhode island", "uri", "rams"],
  "massachusetts": ["massachusetts", "umass", "minutemen"],
  "davidson": ["davidson", "davidson wildcats", "wildcats"],
  "vmi": ["vmi", "virginia military", "keydets"],
  "citadel": ["citadel", "the citadel", "bulldogs"],
  "furman": ["furman", "furman paladins", "paladins"],
  "wofford": ["wofford", "wofford terriers", "terriers"],
  "mercer": ["mercer", "mercer bears", "bears"],
  "samford": ["samford", "samford bulldogs", "bulldogs"],
  "chattanooga": ["chattanooga", "mocs", "utc"],
  "etsu": ["etsu", "east tennessee state", "buccaneers", "bucs"],
  "uncg": ["uncg", "unc greensboro", "spartans"],
  "western_carolina": ["western carolina", "wcu", "catamounts"],
  "appalachian_state": ["appalachian state", "app state", "mountaineers"],
  "coastal_carolina": ["coastal carolina", "ccu", "chanticleers"],
  "georgia_southern": ["georgia southern", "ga southern", "eagles"],
  "georgia_state": ["georgia state", "gsu", "panthers"],
  "troy": ["troy", "troy trojans", "trojans"],
  "south_alabama": ["south alabama", "usa", "jaguars"],
  "louisiana": ["louisiana", "ul lafayette", "ragin' cajuns", "ragin cajuns", "cajuns", "la-lafayette"],
  "louisiana_tech": ["louisiana tech", "la tech", "bulldogs"],
  "arkansas_state": ["arkansas state", "ark state", "red wolves"],
  "southern_miss": ["southern miss", "usm", "golden eagles"],
  "old_dominion": ["old dominion", "odu", "monarchs"],
  "marshall": ["marshall", "marshall thundering herd", "thundering herd"],
  "charlotte": ["charlotte", "uncc", "49ers"],
  "fau": ["fau", "florida atlantic", "owls"],
  "fiu": ["fiu", "florida international", "panthers"],
  "utsa": ["utsa", "ut san antonio", "roadrunners"],
  "north_texas": ["north texas", "unt", "mean green"],
  "rice": ["rice", "rice owls", "owls"],
  "uab": ["uab", "alabama-birmingham", "blazers"],
  "middle_tennessee": ["middle tennessee", "mtsu", "blue raiders"],
  "western_kentucky": ["western kentucky", "wku", "hilltoppers"],
  "liberty": ["liberty", "liberty flames", "flames"],
  "kennesaw_state": ["kennesaw state", "ksu", "owls"],
  "jacksonville_state": ["jacksonville state", "jsu", "gamecocks"],
  "bellarmine": ["bellarmine", "knights"],
  "lipscomb": ["lipscomb", "bisons"],
  "north_alabama": ["north alabama", "una", "lions"],
  "central_arkansas": ["central arkansas", "uca", "bears"],
  "stetson": ["stetson", "stetson hatters", "hatters"],
  "campbell": ["campbell", "fighting camels", "camels"],
  "unc_wilmington": ["unc wilmington", "uncw", "seahawks"],
  "elon": ["elon", "elon phoenix", "phoenix"],
  "william_mary": ["william & mary", "william and mary", "tribe"],
  "james_madison": ["james madison", "jmu", "dukes"],
  "towson": ["towson", "towson tigers", "tigers"],
  "hofstra": ["hofstra", "hofstra pride", "pride"],
  "delaware": ["delaware", "blue hens"],
  "northeastern": ["northeastern", "northeastern huskies", "huskies"],
  "holy_cross": ["holy cross", "crusaders"],
  "navy": ["navy", "naval academy", "midshipmen"],
  "army": ["army", "black knights", "army west point"],
  "bucknell": ["bucknell", "bucknell bison", "bison"],
  "colgate": ["colgate", "colgate raiders", "raiders"],
  "lehigh": ["lehigh", "lehigh mountain hawks", "mountain hawks"],
  "lafayette": ["lafayette", "leopards"],
  "cornell": ["cornell", "big red"],
  "columbia": ["columbia", "columbia lions", "lions"],
  "yale": ["yale", "yale bulldogs", "bulldogs"],
  "harvard": ["harvard", "harvard crimson", "crimson"],
  "princeton": ["princeton", "princeton tigers", "tigers"],
  "brown": ["brown", "brown bears", "bears"],
  "dartmouth": ["dartmouth", "big green"],
  "penn": ["penn", "pennsylvania", "quakers"],
  "maine": ["maine", "black bears", "maine black bears"],
  "new_hampshire": ["new hampshire", "unh", "wildcats"],
  "vermont": ["vermont", "uvm", "catamounts"],
  "albany": ["albany", "great danes"],
  "stony_brook": ["stony brook", "seawolves"],
  "umbc": ["umbc", "retrievers"],
  "hartford": ["hartford", "hartford hawks", "hawks"],
  "binghamton": ["binghamton", "bearcats"],
  "njit": ["njit", "highlanders"],
  "ccsu": ["ccsu", "central connecticut", "blue devils"],
  "fairfield": ["fairfield", "fairfield stags", "stags"],
  "marist": ["marist", "marist red foxes", "red foxes"],
  "siena": ["siena", "saints"],
  "canisius": ["canisius", "golden griffins"],
  "niagara": ["niagara", "niagara purple eagles", "purple eagles"],
  "iona": ["iona", "iona gaels", "gaels"],
  "manhattan": ["manhattan", "manhattan jaspers", "jaspers"],
  "rider": ["rider", "broncs"],
  "monmouth": ["monmouth", "hawks"],
  "quinnipiac": ["quinnipiac", "bobcats"],
  "sacred_heart": ["sacred heart", "pioneers"],
  "wagner": ["wagner", "wagner seahawks", "seahawks"],
  "fairleigh_dickinson": ["fairleigh dickinson", "fdu", "knights"],
  "lsu_shreveport": ["lsu shreveport", "lsus", "pilots"],
  "mcneese": ["mcneese", "mcneese state", "cowboys"],
  "nicholls": ["nicholls", "nicholls state", "colonels"],
  "southeastern_louisiana": ["southeastern louisiana", "selu", "lions"],
  "new_orleans": ["new orleans", "uno", "privateers"],
  "lamar": ["lamar", "lamar cardinals", "cardinals"],
  "sam_houston": ["sam houston", "shsu", "bearkats"],
  "houston_christian": ["houston christian", "houston baptist", "huskies", "hbu"],
  "incarnate_word": ["incarnate word", "uiw", "cardinals"],
  "texas_state": ["texas state", "txst", "bobcats"],
  "utrgv": ["utrgv", "ut rio grande valley", "vaqueros"],
  "texas_arlington": ["texas arlington", "uta", "mavericks", "ut arlington"],
  "abilene_christian": ["abilene christian", "acu", "wildcats"],
  "tarleton": ["tarleton", "tarleton state", "texans"],
  "ut_tyler": ["ut tyler", "patriots"],
  "dallas_baptist": ["dallas baptist", "dbu", "patriots"],
  "oral_roberts": ["oral roberts", "oru", "golden eagles"],
  "omaha": ["omaha", "nebraska omaha", "uno", "mavericks"],
  "north_dakota_state": ["north dakota state", "ndsu", "bison"],
  "south_dakota_state": ["south dakota state", "sdsu", "jackrabbits"],
  "indiana_state": ["indiana state", "isu", "sycamores"],
  "bradley": ["bradley", "bradley braves", "braves"],
  "evansville": ["evansville", "purple aces", "aces"],
  "illinois_state": ["illinois state", "isu", "redbirds"],
  "missouri_state": ["missouri state", "mostate", "bears"],
  "southern_illinois": ["southern illinois", "siu", "salukis"],
  "valparaiso": ["valparaiso", "valpo", "beacons"],
  "unc_asheville": ["unc asheville", "unca", "bulldogs"],
  "charleston_southern": ["charleston southern", "csu", "buccaneers"],
  "high_point": ["high point", "panthers"],
  "longwood": ["longwood", "lancers"],
  "presbyterian": ["presbyterian", "blue hose"],
  "radford": ["radford", "highlanders"],
  "winthrop": ["winthrop", "eagles"],
  "gardner_webb": ["gardner-webb", "gardner webb", "runnin' bulldogs"],
  "unc_upstate": ["unc upstate", "spartans", "upstate"],
  "belmont": ["belmont", "bruins"],
  "eastern_kentucky": ["eastern kentucky", "eku", "colonels"],
  "morehead_state": ["morehead state", "eagles"],
  "tennessee_tech": ["tennessee tech", "ttu", "golden eagles"],
  "austin_peay": ["austin peay", "apsu", "governors", "govs"],
  "murray_state": ["murray state", "racers"],
  "southeast_missouri": ["southeast missouri", "semo", "redhawks"],
  "ut_martin": ["ut martin", "utm", "skyhawks"],
  "siue": ["siue", "siu edwardsville", "cougars"],
  "little_rock": ["little rock", "ualr", "trojans"],
  "wright_state": ["wright state", "raiders"],
  "oakland": ["oakland", "golden grizzlies"],
  "detroit_mercy": ["detroit mercy", "titans"],
  "youngstown_state": ["youngstown state", "ysu", "penguins"],
  "milwaukee": ["milwaukee", "uwm", "panthers"],
  "green_bay": ["green bay", "uwgb", "phoenix"],
  "iupui": ["iupui", "jaguars"],
  "purdue_fort_wayne": ["purdue fort wayne", "pfw", "mastodons"],
  "cleveland_state": ["cleveland state", "vikings"],
  "northern_kentucky": ["northern kentucky", "nku", "norse"],
  "robert_morris": ["robert morris", "colonials"],
  "central_michigan": ["central michigan", "cmu", "chippewas"],
  "eastern_michigan": ["eastern michigan", "emu", "eagles"],
  "western_michigan": ["western michigan", "wmu", "broncos"],
  "kent_state": ["kent state", "golden flashes"],
  "akron": ["akron", "zips"],
  "ball_state": ["ball state", "cardinals"],
  "bowling_green": ["bowling green", "bgsu", "falcons"],
  "miami_ohio": ["miami (oh)", "miami ohio", "redhawks", "miami oh"],
  "northern_illinois": ["northern illinois", "niu", "huskies"],
  "ohio": ["ohio", "ohio bobcats", "bobcats", "ohio u"],
  "toledo": ["toledo", "rockets"],
  "buffalo": ["buffalo", "bulls"],
  "uab": ["uab", "blazers"],
  "southern_utah": ["southern utah", "suu", "thunderbirds"],
  "utah_valley": ["utah valley", "uvu", "wolverines"],
  "grand_canyon": ["grand canyon", "gcu", "antelopes", "lopes"],
  "seattle": ["seattle", "seattle u", "redhawks"],
  "utah_tech": ["utah tech", "dixie state", "trailblazers"],
  "tarleton_state": ["tarleton state", "tarleton", "texans"],
  "cal_baptist": ["cal baptist", "cbu", "lancers"],
  "st_thomas": ["st. thomas", "st thomas", "tommies"],
  "queens": ["queens", "queens royals", "royals"],
  "leclercq": ["lindenwood", "lions"],
  "southern": ["southern", "southern jaguars", "jaguars"],
  "grambling": ["grambling", "grambling state", "tigers"],
  "prairie_view": ["prairie view", "pvamu", "panthers"],
  "texas_southern": ["texas southern", "tsu", "tigers"],
  "jackson_state": ["jackson state", "jsu", "tigers"],
  "alcorn_state": ["alcorn state", "braves"],
  "alabama_state": ["alabama state", "asu", "hornets"],
  "alabama_am": ["alabama a&m", "alabama am", "bulldogs"],
  "bethune_cookman": ["bethune-cookman", "bethune cookman", "wildcats"],
  "florida_am": ["florida a&m", "florida am", "famu", "rattlers"],
  "nc_at": ["nc a&t", "nc at", "aggies"],
  "nc_central": ["nc central", "nccu", "eagles"],
  "south_carolina_state": ["south carolina state", "sc state", "bulldogs"],
  "norfolk_state": ["norfolk state", "spartans"],
  "md_eastern_shore": ["md eastern shore", "umes", "hawks"],
  "coppin_state": ["coppin state", "eagles"],
  "morgan_state": ["morgan state", "bears"],
  "howard": ["howard", "bison"],
  "delaware_state": ["delaware state", "hornets"],
  "hampton": ["hampton", "hampton pirates", "pirates"]
}
